{
  "hash": "2d03dee0",
  "configHash": "72d5d1e2",
  "lockfileHash": "63d24760",
  "browserHash": "27ade77b",
  "optimized": {
    "@angular/cdk/bidi": {
      "src": "../../../../../../node_modules/@angular/cdk/fesm2022/bidi.mjs",
      "file": "@angular_cdk_bidi.js",
      "fileHash": "8a9d53b5",
      "needsInterop": false
    },
    "@angular/common": {
      "src": "../../../../../../node_modules/@angular/common/fesm2022/common.mjs",
      "file": "@angular_common.js",
      "fileHash": "c22038c4",
      "needsInterop": false
    },
    "@angular/common/http": {
      "src": "../../../../../../node_modules/@angular/common/fesm2022/http.mjs",
      "file": "@angular_common_http.js",
      "fileHash": "01032f51",
      "needsInterop": false
    },
    "@angular/common/locales/es": {
      "src": "../../../../../../node_modules/@angular/common/locales/es.js",
      "file": "@angular_common_locales_es.js",
      "fileHash": "3354ccf1",
      "needsInterop": false
    },
    "@angular/core": {
      "src": "../../../../../../node_modules/@angular/core/fesm2022/core.mjs",
      "file": "@angular_core.js",
      "fileHash": "69707381",
      "needsInterop": false
    },
    "@angular/material/icon": {
      "src": "../../../../../../node_modules/@angular/material/fesm2022/icon.mjs",
      "file": "@angular_material_icon.js",
      "fileHash": "9690d316",
      "needsInterop": false
    },
    "@angular/platform-browser": {
      "src": "../../../../../../node_modules/@angular/platform-browser/fesm2022/platform-browser.mjs",
      "file": "@angular_platform-browser.js",
      "fileHash": "161a5655",
      "needsInterop": false
    },
    "@angular/router": {
      "src": "../../../../../../node_modules/@angular/router/fesm2022/router.mjs",
      "file": "@angular_router.js",
      "fileHash": "fff4c5ea",
      "needsInterop": false
    }
  },
  "chunks": {
    "chunk-T7BIH5JC": {
      "file": "chunk-T7BIH5JC.js"
    },
    "chunk-MHNEMJSA": {
      "file": "chunk-MHNEMJSA.js"
    },
    "chunk-4B7HL4US": {
      "file": "chunk-4B7HL4US.js"
    },
    "chunk-7R557CY6": {
      "file": "chunk-7R557CY6.js"
    },
    "chunk-2JFIIIEW": {
      "file": "chunk-2JFIIIEW.js"
    },
    "chunk-NU3YMH2O": {
      "file": "chunk-NU3YMH2O.js"
    },
    "chunk-GOMI4DH3": {
      "file": "chunk-GOMI4DH3.js"
    }
  }
}