{
    "$schema": "https://schemas.wp.org/trunk/theme.json",
    "version": 2,
    "title": "Pink",
    "settings": {
        "color": {
            "palette": [
                {
                    "color": "#45075B",
                    "name": "Primary",
                    "slug": "primary"
                },
                {
                    "color": "#45075B",
                    "name": "Foreground",
                    "slug": "foreground"
                },
                {
                    "color": "#FDAEFF",
                    "name": "Background",
                    "slug": "background"
                },
                {
                    "color": "#fa82fd",
                    "name": "Tertiary",
                    "slug": "tertiary"
                }
            ]
        }
    }
}