{
    "$schema": "https://schemas.wp.org/trunk/theme.json",
    "version": 2,
    "title": "Yellow",
    "settings": {
        "color": {
            "palette": [
                {
                    "color": "#000000",
                    "name": "Primary",
                    "slug": "primary"
                },
                {
                    "color": "#000000",
                    "name": "Foreground",
                    "slug": "foreground"
                },
                {
                    "color": "#FFFA52",
                    "name": "Background",
                    "slug": "background"
                },
                {
                    "color": "#c0bb22",
                    "name": "Tertiary",
                    "slug": "tertiary"
                }
            ]
        }
    }
}